harshad,2026-02-09 18:13:05
harshad,2026-02-09 18:13:06
harshad,2026-02-09 18:13:07
harshad,2026-02-09 18:13:08
harshad,2026-02-09 18:13:09
harshad,2026-02-09 18:13:10
harshad,2026-02-09 18:13:11
harshad,2026-02-09 18:13:11
harshad,2026-02-09 18:13:12
harshad,2026-02-09 18:13:13
harshad,2026-02-09 18:13:14
harshad,2026-02-09 18:13:15
harshad,2026-02-09 18:13:16
harshad,2026-02-09 18:13:17
harshad,2026-02-09 18:13:18
harshad,2026-02-09 18:13:19
harshad,2026-02-09 18:13:20
harshad,2026-02-09 18:13:21
harshad,2026-02-09 18:13:21
harshad,2026-02-09 18:13:22
harshad,2026-02-09 18:13:23
harshad,2026-02-09 18:13:24
harshad,2026-02-09 18:13:25
harshad,2026-02-09 18:13:26
harshad,2026-02-09 18:13:27
harshad,2026-02-09 18:13:28
harshad,2026-02-09 18:13:29
harshad,2026-02-09 18:13:30
harshad,2026-02-09 18:13:30
harshad,2026-02-09 18:13:31
harshad,2026-02-09 18:13:32
harshad,2026-02-09 18:13:34
harshad,2026-02-09 18:13:35
harshad,2026-02-09 18:13:37
harshad,2026-02-09 18:13:38
harshad,2026-02-09 18:13:39
harshad,2026-02-09 18:13:40
harshad,2026-02-09 18:13:41
harshad,2026-02-09 18:13:42
harshad,2026-02-09 18:13:43
harshad,2026-02-09 18:13:44
harshad,2026-02-09 18:13:44
harshad,2026-02-09 18:13:46
harshad,2026-02-09 18:13:47
einstein,2026-02-09 18:24:26
einstein,2026-02-09 18:24:27
einstein,2026-02-09 18:24:29
einstein,2026-02-09 18:24:30
einstein,2026-02-09 18:24:31
einstein,2026-02-09 18:24:32
einstein,2026-02-09 18:24:34
einstein,2026-02-09 18:24:35
einstein,2026-02-09 18:24:37
einstein,2026-02-09 18:24:39
einstein,2026-02-09 18:24:40
einstein,2026-02-09 18:24:41
einstein,2026-02-09 18:24:42
einstein,2026-02-09 18:24:43
einstein,2026-02-09 18:24:44
einstein,2026-02-09 18:24:45
einstein,2026-02-09 18:24:46
einstein,2026-02-09 18:24:49
einstein,2026-02-09 18:24:50
einstein,2026-02-09 18:24:51
